"类别","最佳方案","类别分"
"P01 代码编辑器主体","Qwen3.7 Plus (thinking)","73.0144"
"P02 终端与命令行","StepFun step-3.7-flash(high)","84.3840"
"P03 报错诊断与日志","StepFun step-3.7-flash(high)","75.3920"
"P04 配置与工程声明","Qwen3.7 Plus (thinking)","84.7752"
"P05 版本控制与代码审阅","StepFun step-3.7-flash(high)","74.8332"
"P06 文档与网页代码块","StepFun step-3.7-flash(high)","90.0255"
"P07 API 参考与表格化结构","StepFun step-3.7-flash(high)","81.0332"
"P08 交互式开发工具视图","Qwen3.7 Plus (thinking)","85.7786"
"P09 多区域混合开发屏","Qwen3.7 Plus (thinking)","70.5303"
